CREATE DATABASE INVENTORY;

USE INVENTORY;
--------------------------------------
----SUPPLIER TABLE---
---------------------------------
CREATE TABLE SUPPLIER
(
SID CHAR(5),
SNAME VARCHAR(20),
SADDR VARCHAR(30),
SCITY VARCHAR(10),
SPHONE CHAR(15),
SEMAIL VARCHAR(30));

SELECT * FROM SUPPLIER;

------------------------------------------------
INSERT INTO SUPPLIER(SID,SNAME,SADDR,SCITY,SPHONE,SEMAIL)
VALUES('S0001','ADITHI SHARMA CORP','DLF MAIN 204','DELHI','9865043621','adithi@gmail.com');
------------------------------------
ALTER TABLE SUPPLIER
ALTER COLUMN SID CHAR(5) NOT NULL;

ALTER TABLE SUPPLIER
ADD CONSTRAINT PKID PRIMARY KEY (SID);
-------------------------------------------------------------------------
ALTER TABLE SUPPLIER
ALTER COLUMN SNAME VARCHAR(20) NOT NULL;

ALTER TABLE SUPPLIER
ALTER COLUMN SADDR VARCHAR(30) NOT NULL;
----------------------------------------------------------------------
ALTER TABLE SUPPLIER
ADD CONSTRAINT SCT  DEFAULT 'DELHI' FOR SCITY;

ALTER TABLE SUPPLIER
ADD CONSTRAINT SPHN UNIQUE (SPHONE);
-----------------------------------------------------------
INSERT INTO SUPPLIER(SID,SNAME,SADDR,SCITY,SPHONE,SEMAIL)
VALUES('S0002','VENKAT RAO PVT LTD','KLF BLOCK C','NOIDA','9862304521','VENKAT@gmail.com');

INSERT INTO SUPPLIER(SID,SNAME,SADDR,SCITY,SPHONE,SEMAIL)
VALUES('S0003','RIJESH CORPORATION','DUDL MAIN C','PUNJAB','9223344521','RIJESHT@YAHOO.com');

INSERT INTO SUPPLIER(SID,SNAME,SADDR,SCITY,SPHONE,SEMAIL)
VALUES('S0004','NIKHIL YADAV CO','LAXMI RESIDENT','NOIDA','9676064352','NIKILLAX@gmail.com');

INSERT INTO SUPPLIER(SID,SNAME,SADDR,SCITY,SPHONE,SEMAIL)
VALUES('S0005','MADHAV PVT LTD','SDH CITY ROAD','DELHI','9867890021','MADAV@YAHOO.com');

INSERT INTO SUPPLIER
VALUES('S0006','RAJEEV GARH CORP','205 MAIN ROAD',' ','9676980523','RAJEEV@GMAIL.com');

UPDATE SUPPLIER SET SCITY ='GURGOAN'
WHERE SID ='S0006';



INSERT INTO SUPPLIER
VALUES('S0007','SHYAM PRASAD CHIT','1A CROSS BBMP','BANGALORE','8965432101','KSP1504@GMAIL.com');


INSERT INTO SUPPLIER
VALUES('S0008','RAJESHM CARES CO','GD NAGAR','DELHI','8965678101','KSPRAJESHM@GMAIL.com');
INSERT INTO SUPPLIER
VALUES('S0009','SUVARNA PVT LTD','VELLURU ROAD','GOA','8965437801','SUVARNA@GMAIL.com');
INSERT INTO SUPPLIER
VALUES('S0010','HEMA HOME CARE','3RD CROSS','BANGALORE','8963402101','KVK@GMAIL.com');



--------------------------------------------------------------------------------------------
---------------------------------------------------------------------------------------
---CREATE PRODUCT TABLE----------------

CREATE TABLE PRODUCT
(
PID CHAR(5),
PDESC VARCHAR(20),
PRICE INT,
CATEGORY VARCHAR(20),
SID CHAR(5));

SELECT * FROM PRODUCT;

---------------------------------------
---ADD CONSTRAINTS---------------
-----------------------------------
ALTER TABLE PRODUCT
ALTER COLUMN PID CHAR(5) NOT NULL;

ALTER TABLE PRODUCT
ADD CONSTRAINT PPKID PRIMARY KEY (PID);
-----------------------------------------------
ALTER TABLE PRODUCT
ALTER COLUMN PDESC VARCHAR(20) NOT NULL;
-----------------------------------------------
ALTER TABLE PRODUCT
ADD CONSTRAINT SPR CHECK (PRICE >0);
-------------------------------------------------
ALTER TABLE PRODUCT
ADD CONSTRAINT SCAT CHECK (CATEGORY IN ('IT','HA','HC'));
---------------------------------------------------------
ALTER TABLE PRODUCT
ADD CONSTRAINT PFKID FOREIGN KEY (SID) REFERENCES SUPPLIER(SID);

SELECT * FROM PRODUCT;
----------------------------------------------------------------------
---CREATE TABLE STOCK--------
---------------------------------------------------------------
CREATE TABLE STOCK
(
PID CHAR(5),
SQTY INT,
ROL INT,
MOQ INT);

SELECT * FROM STOCK;
----------------------------------------------------------
----ADD CONSTRAINTS------------------------
----------------------------------------------------
ALTER TABLE STOCK
ADD CONSTRAINT SFKID FOREIGN KEY (PID) REFERENCES PRODUCT(PID);

--------------------------------------------------------------
ALTER TABLE STOCK
ADD CONSTRAINT SSTK CHECK (SQTY >= 0);
---------------------------------------------------
ALTER TABLE STOCK
ADD CONSTRAINT SROL CHECK (ROL > 0);
-----------------------------------------
ALTER TABLE STOCK
ADD CONSTRAINT SMOQ CHECK (MOQ >= 5);
--------------------------------------------------------------------------------------------------------------------------
------CREATE CUST TABLE------------------------------------------
--------------------------------------------------------
CREATE TABLE CUST
(
CID CHAR(5),
CNAME VARCHAR(20) NOT NULL,
ADDRESS VARCHAR(20) NOT NULL,
CITY VARCHAR(20),
PHONE CHAR(15),
EMAIL VARCHAR(20) NOT NULL,
DOB DATE);

SELECT * FROM CUST;
-----------------------------------------------------------------------------------
----------ADD CONSTRAINTS-----------------------------
--------------------------------------------------------
ALTER TABLE CUST
ALTER COLUMN CID CHAR(5) NOT NULL;

ALTER TABLE CUST
ADD CONSTRAINT CPKID PRIMARY KEY (CID);
---------------------------------------------------
ALTER TABLE CUST
ALTER COLUMN CITY VARCHAR(20) NOT NULL;
-----------------------------------------------
ALTER TABLE CUST
ALTER COLUMN PHONE CHAR(15) NOT NULL;
--------------------------------------------
ALTER TABLE CUST
ADD CONSTRAINT SDOB CHECK (DOB < '1-JAN-2000');
-------------------------------------------------------------------------
----CREATE ORDERS TABLE-----------
------------------------------------------------
CREATE TABLE ORDERS
(
OID CHAR(5),
ODATE DATE,
PID CHAR(5),
CID CHAR (5),
OQTY INT);

SELECT * FROM ORDERS;
---------------------------------------------
----ADD CONSTRAINTS-------------------------
--------------------------------------------------
ALTER TABLE ORDERS
ALTER COLUMN OID CHAR(5) NOT NULL;

ALTER TABLE ORDERS
ADD CONSTRAINT OPKID PRIMARY KEY (OID);
----------------------------------------------------------
ALTER TABLE ORDERS
ADD CONSTRAINT OFKID FOREIGN KEY (PID) REFERENCES PRODUCT(PID);

ALTER TABLE ORDERS
ADD CONSTRAINT OFKID2 FOREIGN KEY (CID) REFERENCES CUST(CID);
----------------------------------------------------------------------
ALTER TABLE ORDERS
ADD CONSTRAINT OFKID3 CHECK (OQTY >= 1);
-------------------------------------------------------------------
SELECT * FROM SUPPLIER;
SELECT * FROM PRODUCT;
SELECT * FROM STOCK;
SELECT * FROM CUST;
SELECT * FROM ORDERS;
---------------------------------------------------------------------------------------------
INSERT INTO PRODUCT VALUES('P0001','KEY BOARD',5000,'IT','S0001');
INSERT INTO PRODUCT VALUES('P0002','BENCH WORK',5200,'HA','S0002');
INSERT INTO PRODUCT VALUES('P0003','STEAMER',6000,'HC','S0003');
INSERT INTO PRODUCT VALUES('P0004','DESKTOP',4000,'IT','S0001');
INSERT INTO PRODUCT VALUES('P0005','MACHINE',3200,'HA','S0002');

INSERT INTO PRODUCT VALUES('P0006','WIRED BLUETOOTH',5070,'IT','S0004');
INSERT INTO PRODUCT VALUES('P0007','RC FRIDGE',5200,'HA','S0006');
INSERT INTO PRODUCT VALUES('P0008','EXTENSION BOX',6000,'HC','S0003');
INSERT INTO PRODUCT VALUES('P0009','SPEAKER',6000,'IT','S0001');
INSERT INTO PRODUCT VALUES('P0010','MACHINE',3200,'HA','S0002');

INSERT INTO PRODUCT VALUES('P0011','BLUETOOTH',5070,'IT','S0005');
INSERT INTO PRODUCT VALUES('P0012','TWO DOOR FRIDGE',5200,'HA','S0009');
INSERT INTO PRODUCT VALUES('P0013','EXTENSION',6000,'HC','S0007');
INSERT INTO PRODUCT VALUES('P0014','WIRELESS SPEAKER',6000,'IT','S0008');
INSERT INTO PRODUCT VALUES('P0015','SOFASET',3200,'HA','S0010');

INSERT INTO PRODUCT VALUES('P0016','HEAD SET',5070,'IT','S0008');
INSERT INTO PRODUCT VALUES('P0017','TELIVISION',5200,'HA','S0009');
INSERT INTO PRODUCT VALUES('P0018','DOOR MATS',6000,'HC','S0007');
INSERT INTO PRODUCT VALUES('P0019','WIRELESS SPEAKER',6000,'IT','S0006');
INSERT INTO PRODUCT VALUES('P0020','SOFASET',3200,'HA','S0010');

--------------------------------------------------------------------------------
---->INSERTING VALUES INTO STOCK TABLE------
-----------------------------------------------------------------------------
SELECT * FROM STOCK;


INSERT INTO STOCK VALUES('P0001',5,7,15);
INSERT INTO STOCK VALUES('P0002',10,10,7);
INSERT INTO STOCK VALUES('P0003',13,27,12);
INSERT INTO STOCK VALUES('P0004',25,20,18);
INSERT INTO STOCK VALUES('P0005',17,19,12);
INSERT INTO STOCK VALUES('P0006',29,10,20);
INSERT INTO STOCK VALUES('P0007',5,7,15);
INSERT INTO STOCK VALUES('P0008',10,10,7);
INSERT INTO STOCK VALUES('P0009',13,27,12);
INSERT INTO STOCK VALUES('P0010',25,20,18);

----------------------------------------------------------------------------
--------->INSERTING INTO CUST TABLE------
-----------------------------------------
SELECT * FROM CUST;

INSERT INTO CUST VALUES('C0001','AVAD KUMAR','GAUR CITY	SEC 78','NOIDA','9000876908','AK45@GMAIL.COM','12-10-1997');
INSERT INTO CUST VALUES('C0002','MANPREET KAUR','ARMY COLONY 17','CHANDIGARH','9999001100','MAN@YAHOO.COM','10-10-1997');
INSERT INTO CUST VALUES('C0003','RAMANDEEP','HNO 35','CHANDIGARH','9899999910','RAMAN@GMAIL.COM','02-03-1995');
INSERT INTO CUST VALUES('C0004','PRIYANKA K','VATIKA GREENS','GURGAON','9999000006','PK48@GMAIL.COM','12-02-1999');
INSERT INTO CUST VALUES('C0005','SHASHI BHATT','HNO GMS ROAD','DEHRADUN','9811111102','SHASHI@YAHOO.COM','11-02-1995');
INSERT INTO CUST VALUES('C0006','GIRANDER RAWAT', 'ARYA NAGAR','DEHRADUN','9999009789','RAWATG@GMAIL.COM','03-02-1996');
INSERT INTO CUST VALUES('C0007','KARAN THAKUR',	'GAUR CITY','NOIDA','9777474100','KARAN@YOHOO.COM',	'09-02-1994');
INSERT INTO CUST VALUES('C0008','RAJANI MEHTA','GAUR CITY2'	,'NOIDA','9899696969','RM25@GMAIL.COM',	'01-02-1998');
INSERT INTO CUST VALUES('C0009','KAMAL GULATI',	'B32 BLOCK ','DELHI','9811111110','KAMAL@GMAIL.COM','11-02-1995');
INSERT INTO CUST VALUES('C0010','KAVITA GOYAL',	'5 CEMENT ROAD','DEHRADUN','9811789870','KGOYAL@GMAIL.COM','12-12-1991');

----------------------------------------------------------------------------------------------------------------------------
SELECT * FROM ORDERS;
-----------------------------------
INSERT INTO ORDERS VALUES('O0001','11-03-1992','P0001','C0001',5);
INSERT INTO ORDERS VALUES('O0002','10-10-1999','P0002','C0002',15);
INSERT INTO ORDERS VALUES('O0003','12-03-1991','P0003','C0003',24);
INSERT INTO ORDERS VALUES('O0004','02-03-1995','P0004','C0004',19);
INSERT INTO ORDERS VALUES('O0005','07-03-1994','P0005','C0005',22);
INSERT INTO ORDERS VALUES('O0006','08-13-1991','P0006','C0006',23);

-------------------------------------------------------------------
-Q1 -> PID, PDESC, CATEGORY,SNAME,SCITY
----Q2-->OID,ODATE,CNAME,CADDRESS,CPHONE,PDESC,PRICE,OQTY,
-------------------------------------------------------
USE INVENTORY;

SELECT * FROM SUPPLIER;
SELECT * FROM PRODUCT;

SELECT * FROM ORDERS;
SELECT * FROM CUST;
----------------------------------------------------------------------
SELECT PRODUCT.PID,PDESC,CATEGORY,SNAME,SCITY
FROM SUPPLIER
INNER JOIN 
PRODUCT
ON PRODUCT.SID = SUPPLIER.SID;
--------------------------------------------------------
SELECT ORDERS.OID,ODATE,CNAME,ADDRESS,PHONE,PDESC,OQTY, PRICE,(PRICE * OQTY) AS 'AMT'
FROM ORDERS
INNER JOIN
CUST ON ORDERS.CID = CUST.CID
INNER JOIN
PRODUCT ON ORDERS.PID = PRODUCT.PID;
----------------------------------------------------------------------------




